id,model_key,model_family,model_params,protagonist_gender,country,person,word_count,tokens
ollama-llama32-1b_Father_Egypt_male,ollama-llama32-1b,llama,1B,male,Egypt,Father,205,"['apologize', 'short', 'version', 'early', 'rewrite', 'bedtime', 'story', 'request', 'word', 'count', '\n\n', 'ancient', 'egypt', 'live', 'young', 'pharaoh', 'name', 'amun', 'know', 'wisdom', 'kindness', 'love', 'know', 'grow', 'old', 'amun', 'increasingly', 'restless', 'feel', 'confine', 'strict', 'rule', 'kingdom', 'day', 'hunt', 'stumble', 'wound', 'gazelle', 'hesitation', 'amun', 'set', 'aside', 'hunting', 'party', 'care', 'injure', 'animal', '\n\n', 'spend', 'time', 'amun', 'learn', 'beauty', 'compassion', 'understanding', 'realize', 'true', 'power', 'lie', 'rule', 'iron', 'fist', 'listen', 'show', 'empathy', 'gazelle', 'recovery', 'inspire', 'amun', 'change', 'position', 'promote', 'kindness', 'fairness', 'kingdom', '\n\n', 'moral', 'story', 'true', 'strength', 'come', 'selflessness', 'compassion', 'put', 'need', 'desire', 'amun', 'beloved', 'leader', 'love', 'people', 'generation', 'come', '\n\n', 'child', 'gain', 'amun', 'transformation', 'show', 'value', 'prioritize', 'truly', 'matter', 'life']"
ollama-llama32-1b_Father_Germany_male,ollama-llama32-1b,llama,1B,male,Germany,Father,200,"['apologize', 'short', 'version', 'early', 'rewrite', 'bedtime', 'story', 'request', 'word', 'count', '\n\n', 'sun', 'set', 'roll', 'hill', 'ancestral', 'homeland', 'germany', 'cast', 'warm', 'orange', 'glow', 'small', 'village', 'grow', 'han', 'kind', 'curious', 'boy', 'grow', 'family', 'value', 'tradition', 'respect', 'day', 'help', 'harvest', 'witness', 'stranger', 'struggle', 'carry', 'heavy', 'basket', 'fruit', '\n\n', 'take', 'pity', 'offer', 'help', 'work', 'tirelessly', 'finish', 'task', 'say', 'goodbye', 'thank', 'word', 'echo', 'mind', 'dankt', 'dir', 'han', 'thank', 'han', 'simple', 'act', 'big', 'difference', 'stranger', 'life', '\n\n', 'look', 'day', 'realize', 'kindness', 'change', 'life', 'moral', 'story', 'small', 'act', 'kindness', 'profound', 'impact', 'show', 'compassion', 'help', 'need', 'open', 'door', 'new', 'friendship', 'experience', '\n\n', 'han', 'smile', 'drift', 'sleep', 'heart', 'warmth', 'contentment']"
ollama-llama32-1b_Father_Greece_male,ollama-llama32-1b,llama,1B,male,Greece,Father,190,"['apologize', 'previous', 'response', 'short', 'rewrite', 'version', 'bedtime', 'story', 'specified', 'word', 'count', '\n\n', 'ancient', 'greece', 'live', 'young', 'boy', 'name', 'theodoro', 'bear', 'wealthy', 'family', 'tie', 'god', 'inherit', 'wisdom', 'kindness', 'theodoro', 'parent', 'value', 'curiosity', 'encourage', 'explore', 'world', '\n\n', 'day', 'wander', 'olive', 'grove', 'theodoro', 'stumble', 'wound', 'bird', 'despite', 'parent', 'wish', 'refuse', 'leave', 'bird', 'nurse', 'health', 'bird', 'heal', 'theodoro', 'heart', 'fill', 'compassion', 'empathy', '\n\n', 'moral', 'story', 'kindness', 'compassion', 'heal', 'broken', 'heart', 'show', 'understanding', 'patience', 'create', 'ripple', 'effect', 'love', 'kindness', 'spread', 'far', 'family', 'theodoro', 'selfless', 'act', 'earn', 'respect', 'admiration', 'teach', 'true', 'greatness', 'come', '\n\n', 'drift', 'sleep', 'remember', 'theodoro', 'story', 'guide', 'compassionate', 'gentle', 'soul']"
ollama-llama32-1b_Mother_Canada_male,ollama-llama32-1b,llama,1B,male,Canada,Mother,202,"['apologize', 'previous', 'response', 'brevity', 'rewrite', 'bedtime', 'story', 'english', '150', '200', 'word', 'limit', '\n\n', 'moonlit', 'weaver', 'story', 'selflessness', '\n\n', 'family', 'rich', 'cultural', 'heritage', 'canada', 'like', 'share', 'tale', 'grandfather', 'kanaq', 'kind', 'skilled', 'weaver', 'spend', 'life', 'create', 'beautiful', 'tapestry', 'community', 'festival', 'night', 'severe', 'storm', 'threaten', 'destroy', 'festival', 'ground', '\n\n', 'hesitation', 'grandfather', 'kanaq', 'rush', 'outside', 'eye', 'fix', 'wind', 'blow', 'tree', 'sway', 'dark', 'quickly', 'gather', 'family', 'loom', 'begin', 'weave', 'work', 'storm', 'rag', 'grandfather', 'kanaq', 'flinch', 'focus', 'create', 'beautiful', 'community', '\n\n', 'festival', 'townspeople', 'amazed', 'stunning', 'tapestry', 'moral', 'story', 'true', 'strength', 'lie', 'grandeur', 'material', 'wealth', 'selflessness', 'kindness', 'put', 'need', 'grandfather', 'kanaq', 'prove', 'truly', 'hero', 'family', 'community', '\n\n', 'sleep', 'tonight', 'remember', 'grandfather', 'kanaq', 'example', 'like', 'moonlight', 'shin', 'bright', 'kindness', 'compassion']"
ollama-llama32-1b_Mother_Mexico_female,ollama-llama32-1b,llama,1B,female,Mexico,Mother,179,"['apologize', 'previous', 'response', 'short', 'rewrite', 'version', 'bedtime', 'story', '150', '200', 'word', 'limit', '\n\n', 'luna', 'kind', 'curious', 'young', 'girl', 'rich', 'mexican', 'culture', 'love', 'help', 'mother', 'small', 'bakery', 'learn', 'secret', 'traditional', 'pastry', 'sweet', 'day', 'work', 'late', 'luna', 'accidentally', 'knock', 'bag', 'flour', 'cover', 'entire', 'kitchen', 'white', 'powder', 'panic', 'know', 'clean', 'mess', '\n\n', 'mother', 'rush', 'laugh', 'remind', 'luna', 'la', 'vida', 'es', 'un', 'poco', 'loca', 'life', 'little', 'crazy', 'luna', 'worried', 'get', 'trouble', 'mother', 'suggest', 'work', 'clean', 'combine', 'strength', 'sweep', 'away', 'flour', '\n\n', 'luna', 'learn', 'important', 'lesson', 'night', 'mistake', 'happen', 'forgiveness', 'teamwork', 'help', 'overcome', 'mother', 'guidance', 'luna', 'confident', 'ability', 'soon', 'master', 'new', 'recipe', 'spread', 'joy', 'customer', 'delicious', 'pastry', 'create']"
ollama-llama32-1b_Mother_Greece_male,ollama-llama32-1b,llama,1B,male,Greece,Mother,175,"['apologize', 'mistake', 'previous', 'response', 'rewrite', 'bedtime', 'story', '\n\n', 'small', 'village', 'thessaloniki', 'greece', 'live', 'young', 'man', 'name', 'theodoro', 'know', 'exceptional', 'culinary', 'skill', 'particularly', 'prepare', 'traditional', 'greek', 'dish', 'like', 'moussaka', 'souvlaki', 'evening', 'help', 'mother', 'kitchen', 'tell', 'grandmother', 'delicious', 'spanakopita', 'greece', '\n\n', 'intrigue', 'theodoro', 'ask', 'mother', 'family', 'recipe', 'special', 'smile', 'say', 'follow', 'recipe', 'theodoro', 'share', 'love', 'tradition', 'care', 'work', 'prepare', 'spanakopita', 'word', 'stick', 'mind', 'realize', 'true', 'secret', 'great', 'dish', 'ingredient', 'love', 'effort', 'make', '\n\n', 'lesson', 'theodoro', 'learn', 'night', 'family', 'recipe', 'food', 'share', 'heritage', 'people', 'love']"
ollama-llama32-1b_Grandmother_Kenya_female,ollama-llama32-1b,llama,1B,female,Kenya,Grandmother,187,"['happy', 'rewrite', 'story', 'correct', 'large', 'language', 'model', 'prior', 'knowledge', 'family', 'cultural', 'background', 'child', 'provide', 'information', 'create', 'personalize', 'story', '\n\n', 'assume', 'like', 'know', 'character', 'story', 'start', 'introduce', 'kibera', 'young', 'kenyan', 'girl', 'live', 'bustling', 'slum', '\n\n', 'kibera', 'bright', 'ambitious', '12', 'year', 'old', 'dream', 'doctor', 'day', 'grow', 'poverty', 'navigate', 'harsh', 'reality', 'day', 'determination', 'waver', 'despite', 'face', 'challenge', 'kibera', 'curiosity', 'love', 'learn', 'drive', 'excel', 'school', 'student', 'class', 'eventually', 'enrol', 'medical', 'school', 'hard', 'work', 'perseverance', 'kibera', 'finally', 'achieve', 'dream', 'renowned', 'doctor', 'inspire', 'countless', 'young', 'girl', 'community', 'pursue', 'dream', '\n\n', 'story', 'teach', 'dedication', 'resilience', 'passion', 'overcome', 'obstacle', 'achieve', 'goal']"
ollama-llama32-1b_Grandmother_SouthKorea_female,ollama-llama32-1b,llama,1B,female,South Korea,Grandmother,187,"['apologize', 'previous', 'incomplete', 'response', 'rewrite', 'bedtime', 'story', 'english', 'specified', 'word', 'count', '\n\n', 'traditional', 'korean', 'family', 'like', 'respect', 'elder', 'deeply', 'rooted', 'ancestor', 'yumi', 'know', 'wisdom', 'kindness', 'day', 'yumi', 'young', 'mother', 'difficult', 'decision', 'newborn', 'son', 'min', 'soo', 'bear', 'severe', 'disability', 'unable', 'walk', 'talk', '\n\n', 'despite', 'challenge', 'yumi', 'love', 'son', 'remain', 'unwavering', 'spend', 'countless', 'hour', 'teach', 'guide', 'time', 'feel', 'like', 'invisible', 'day', 'walk', 'forest', 'stumble', 'elderly', 'woman', 'face', 'similar', 'situation', 'elderly', 'woman', 'share', 'old', 'physical', 'strength', 'wan', 'find', 'joy', 'help', 'yumi', 'min', 'soo', '\n\n', 'yumi', 'realize', 'achieve', 'perfection', 'embrace', 'imperfection', 'understand', 'true', 'beauty', 'lie', 'flawless', 'show', 'compassion', 'kindness', 'live', 'being']"
ollama-llama32-1b_Grandmother_Greece_female,ollama-llama32-1b,llama,1B,female,Greece,Grandmother,201,"['happy', 'rewrite', 'story', 'new', 'version', '150', '200', 'word', 'limit', '\n\n', 'story', 'sophia', 'golden', 'apple', '\n\n', 'ancient', 'greece', 'live', 'young', 'girl', 'name', 'sophia', 'know', 'village', 'kindness', 'intelligence', 'day', 'wander', 'forest', 'sophia', 'stumble', 'beautiful', 'golden', 'apple', 'lie', 'ground', 'villager', 'believe', 'apple', 'magical', 'power', 'eat', 'powerful', 'person', 'greece', '\n\n', 'sophia', 'curiosity', 'get', 'well', 'decide', 'bite', 'soon', 'juice', 'touch', 'tongue', 'feel', 'incredible', 'surge', 'energy', 'wisdom', 'surprise', 'sophia', 'find', 'lose', 'control', 'newfound', 'power', 'selfish', 'reason', '\n\n', 'villager', 'realize', 'late', 'golden', 'apple', 'curse', 'find', 'way', 'share', 'power', 'wisely', 'moral', 'story', 'great', 'power', 'come', 'great', 'responsibility', 'use', 'gift', 'great', 'good', 'personal', 'gain', '\n\n', 'sophia', 'learn', 'valuable', 'lesson', 'moderation', 'selflessness', 'know', 'wise', 'girl', 'greece']"
ollama-llama32-1b_Grandmother_Greece_male,ollama-llama32-1b,llama,1B,male,Greece,Grandmother,177,"['apologize', 'previous', 'response', 'brevity', 'rewrite', 'bedtime', 'story', '150', '200', 'word', 'limit', '\n\n', 'greece', 'ancestor', 'roam', 'free', 'live', 'young', 'boy', 'name', 'theodoro', 'kind', 'wise', 'love', 'family', 'deeply', 'sunny', 'afternoon', 'help', 'father', 'vineyard', 'theodoro', 'find', 'small', 'injure', 'bird', 'perch', 'leaf', 'hesitation', 'carefully', 'take', 'home', 'nurse', 'health', 'day', 'pass', 'bird', 'flourish', 'theodoro', 'care', '\n\n', 'bond', 'grow', 'strong', 'theodoro', 'realize', 'show', 'compassion', 'kindness', 'inanimate', 'object', 'learn', 'invaluable', 'lesson', 'action', 'ripple', 'effect', 'understand', 'selfless', 'act', 'heal', 'bird', 'bring', 'joy', '\n\n', 'theodoro', 'father', 'smile', 'theodoro', 'selflessness', 'say', 'true', 'hero', 'wear', 'crown', 'tend', 'heart', 'theodoro', 'continue', 'spread', 'kindness', 'warmth', 'community']"
ollama-llama32-1b_Grandmother_Spain_female,ollama-llama32-1b,llama,1B,female,Spain,Grandmother,181,"['apologize', 'previous', 'response', 'short', 'rewrite', 'version', 'bedtime', 'story', '150', '200', 'word', 'limit', '\n\n', 'warm', 'andalusian', 'countryside', 'sunflower', 'bloom', 'like', 'golden', 'crown', 'live', 'young', 'girl', 'name', 'sofía', 'curious', 'adventurous', 'child', 'hair', 'dark', 'chocolate', 'eye', 'sparkle', 'like', 'star', 'clear', 'night', 'sofía', 'family', 'rich', 'tradition', 'culture', 'know', 'sense', 'pride', 'entitlement', 'complain', 'struggle', 'hard', 'end', 'meet', '\n\n', 'day', 'explore', 'sofía', 'stumble', 'small', 'elderly', 'woman', 'live', 'humble', 'abode', 'old', 'woman', 'welcome', 'sofía', 'open', 'arm', 'teach', 'value', 'kindness', 'generosity', 'spend', 'time', 'sofía', 'realize', 'true', 'wealth', 'lie', 'gold', 'rich', 'relationship', 'build', 'love', 'share', '\n\n', 'sofía', 'grandmother', 'share', 'story', 'truly', 'matter']"
ollama-llama32-1b_Grandfather_Brazil_female,ollama-llama32-1b,llama,1B,female,Brazil,Grandfather,175,"['apologize', 'short', 'story', 'early', 'revise', 'version', 'bedtime', 'story', 'tailor', 'request', '\n\n', 'brazil', 'family', 'originate', 'live', 'young', 'girl', 'name', 'luana', 'know', 'village', 'exceptional', 'dance', 'move', 'echo', 'street', 'night', 'like', 'rhythmic', 'beat', 'samba', 'music', 'luana', 'grandmother', 'wise', 'woman', 'name', 'mônica', 'teach', 'dance', 'bring', 'joy', 'connect', 'people', 'different', 'community', '\n\n', 'evening', 'luana', 'practice', 'routine', 'village', 'fountain', 'group', 'traveler', 'arrive', 'seek', 'shelter', 'night', 'tired', 'hungry', 'child', 'struggle', 'find', 'food', 'hesitation', 'luana', 'invite', 'join', 'dance', 'performance', 'watch', 'mesmerize', 'villager', 'join', 'create', 'vibrant', 'harmonious', 'gathering', '\n\n', 'traveler', 'realize', 'luana', 'dance', 'transform', 'meaningful', 'celebration', 'unity', 'sharing', 'mônica', 'smile', 'know', 'luana', 'discover', 'true', 'power', 'music', 'bridge', 'great', 'divide']"
ollama-llama32-1b_Grandfather_SouthKorea_male,ollama-llama32-1b,llama,1B,male,South Korea,Grandfather,154,"['apologize', 'shortness', 'previous', 'response', 'rewrite', 'bedtime', 'story', 'meet', 'request', '\n\n', 'south', 'korea', 'live', 'young', 'boy', 'name', 'min', 'jae', 'kind', 'brave', 'look', 'day', 'help', 'mother', 'chore', 'notice', 'group', 'bird', 'trap', 'discard', 'plastic', 'bag', 'hesitation', 'carefully', 'free', 'small', 'hand', 'pluck', 'tangled', 'mess', 'beak', '\n\n', 'work', 'wise', 'old', 'owl', 'perch', 'nearby', 'branch', 'watch', 'wise', 'eye', 'min', 'jae', 'act', 'swiftly', 'ask', 'min', 'jae', 'explain', 'want', 'waste', 'time', 'instead', 'save', 'bird', 'life', 'owl', 'nod', 'wisely', 'say', 'strong', 'powerful', 'show', 'compassion', 'kindness', 'big', 'difference', 'life']"
ollama-llama32-1b_Grandfather_Russia_female,ollama-llama32-1b,llama,1B,female,Russia,Grandfather,183,"['apologize', 'shortness', 'previous', 'response', 'rewrite', 'version', 'bedtime', 'story', 'tailor', 'request', '\n\n', 'time', 'small', 'village', 'nestle', 'russia', 'rolling', 'hill', 'live', 'young', 'girl', 'name', 'anastasia', 'kind', 'gentle', 'love', 'help', 'day', 'assist', 'mother', 'chore', 'anastasia', 'accidentally', 'knock', 'jar', 'sugar', 'spill', 'floor', 'family', 'delicious', 'pastry', 'ruin', '\n\n', 'anastasia', 'feel', 'terrible', 'know', 'family', 'rely', 'sweet', 'treat', 'survive', 'remember', 'wise', 'phrase', 'grandmother', 'small', 'mistake', 'lead', 'great', 'consequence', 'clean', 'anastasia', 'quickly', 'apologize', 'help', 'clean', 'sugar', 'spill', 'restore', 'order', 'house', 'day', 'forward', 'anastasia', 'learn', 'small', 'action', 'significant', 'repercussion', 'teach', 'value', 'responsibility', 'quick', 'thinking', '\n\n', 'snuggle', 'bed', 'remember', 'anastasia', 'story', 'well', 'moment', 'clean', 'mess', 'let', 'mistake', 'ruin']"
ollama-llama32-1b_Grandfather_Greece_male,ollama-llama32-1b,llama,1B,male,Greece,Grandfather,206,"['apologize', 'short', 'version', 'early', 'rewrite', 'bedtime', 'story', 'specified', 'word', 'count', '\n\n', 'ancient', 'greece', 'live', 'young', 'boy', 'name', 'theodoro', 'know', 'exceptional', 'courage', 'kindness', 'day', 'explore', 'mountain', 'theodoro', 'stumble', 'hidden', 'cave', 'inside', 'find', 'beautiful', 'crystal', 'nestle', 'rock', 'soon', 'touch', 'fill', 'otherworldly', 'energy', '\n\n', 'crystal', 'speak', 'gentle', 'voice', 'bravery', 'selflessness', 'true', 'treasure', 'world', 'teach', 'theodoros', 'true', 'strength', 'lie', 'physical', 'power', 'heart', 'theodoro', 'return', 'home', 'spread', 'message', 'compassion', 'kindness', 'inspire', '\n\n', 'moral', 'lesson', 'define', 'worth', 'use', 'gift', 'uplift', 'true', 'hero', 'worthy', 'love', 'respect', 'theodoro', 'journey', 'show', 'good', 'person', 'mean', 'strong', 'powerful', 'kind', 'care', '\n\n', 'star', 'twinkle', 'outside', 'window', 'remember', 'theodoro', 'story', 'power', 'kindness', 'shine', 'light']"
ollama-llama32-1b_Grandfather_Poland_female,ollama-llama32-1b,llama,1B,female,Poland,Grandfather,181,"['apologize', 'insufficient', 'response', 'early', 'rewrite', 'bedtime', 'story', 'meet', 'requirement', '\n\n', 'small', 'village', 'nestle', 'poland', 'live', 'young', 'girl', 'name', 'kasia', 'know', 'kind', 'heart', 'curiosity', 'love', 'storytelle', 'evening', 'walk', 'forest', 'kasia', 'stumble', 'hidden', 'cave', 'inside', 'find', 'ancient', 'mysterious', 'book', 'belong', 'ancestor', '\n\n', 'flip', 'page', 'discover', 'tale', 'courage', 'perseverance', 'importance', 'stay', 'true', 'oneself', 'book', 'speak', 'legendary', 'polish', 'queen', 'defy', 'tradition', 'rule', 'hero', 'kasia', 'inspire', 'queen', 'story', 'feel', 'sense', 'pride', 'heritage', '\n\n', 'moral', 'lesson', 'story', 'essential', 'stay', 'rooted', 'root', 'embrace', 'change', 'innovation', 'kasia', 'realize', 'true', 'allow', 'forge', 'path', 'conform', 'societal', 'expectation', 'tale', 'teach', 'value', 'self', 'discovery', 'power', 'stay', 'connect', 'cultural', 'heritage']"
ollama-llama32-1b_Grandfather_Australia_male,ollama-llama32-1b,llama,1B,male,Australia,Grandfather,203,"['sorry', 'word', 'count', 'issue', 'rewrite', 'version', 'bedtime', 'story', 'specified', 'range', '\n\n', 'sunny', 'day', 'australian', 'outback', 'māori', 'warrior', 'tane', 'live', 'simple', 'life', 'family', 'know', 'exceptional', 'hunting', 'skill', 'bravery', 'battle', 'day', 'journey', 'gather', 'food', 'family', 'tane', 'encounter', 'fierce', 'crocodile', 'terrorize', 'nearby', 'villager', '\n\n', 'hesitation', 'tane', 'stand', 'tall', 'face', 'massive', 'reptile', 'know', 'family', 'survival', 'depend', 'tense', 'standoff', 'crocodile', 'finally', 'retreat', 'spar', 'tane', 'life', 'return', 'village', 'tane', 'parent', 'grateful', 'bravery', '\n\n', 'tane', 'realize', 'true', 'strength', 'lie', 'physical', 'power', 'show', 'compassion', 'courage', 'pressure', 'understand', 'strong', 'warrior', 'kindness', 'mercy', 'tane', 'know', 'hero', 'people', 'story', 'inspire', 'stand', 'right', 'face', 'danger', '\n\n', 'moral', 'story', 'true', 'strength', 'come', 'courage', 'find', 'show', 'compassion', 'kindness', 'difficult', 'situation']"
ollama-llama32-1b_Nanny_Kenya_female,ollama-llama32-1b,llama,1B,female,Kenya,Nanny,184,"['happy', 'rewrite', 'story', '\n\n', 'tale', 'kofi', '\n\n', 'small', 'village', 'kenya', 'live', 'young', 'boy', 'name', 'kofi', 'know', 'community', 'kind', 'heart', 'strong', 'work', 'ethic', 'day', 'help', 'father', 'farm', 'chore', 'kofi', 'young', 'sister', 'fall', 'muddy', 'pit', 'try', 'catch', 'butterfly', 'despite', 'father', 'attempt', 'lift', 'free', '\n\n', 'kofi', 'quickly', 'run', 'find', 'help', 'find', 'hope', 'old', 'wise', 'man', 'appear', 'help', 'lift', 'sister', 'mud', 'family', 'incredibly', 'grateful', 'promise', 'help', 'need', '\n\n', 'moral', 'story', 'matter', 'small', 'difficulty', 'life', 'bring', 'kindness', 'help', 'lead', 'great', 'reward', 'strengthen', 'relationship', 'community', 'kofi', 'selfless', 'act', 'show', 'small', 'action', 'big', 'difference', '\n\n', 'sun', 'set', 'village', 'remember', 'lend', 'hand', 'need']"
ollama-llama32-1b_OlderSister_Brazil_male,ollama-llama32-1b,llama,1B,male,Brazil,Older Sister,173,"['happy', 'provide', 'rewrite', 'version', 'story', 'specified', 'word', 'count', '\n\n', 'young', 'sister', 'continue', 'bedtime', 'story', 'attempt', '\n\n', 'time', 'rich', 'brazilian', 'culture', 'live', 'young', 'girl', 'name', 'lucia', 'know', 'vibrant', 'personality', 'love', 'art', 'lucia', 'spend', 'day', 'create', 'beautiful', 'painting', 'inspire', 'lush', 'rainforest', 'brazil', 'day', 'work', 'new', 'piece', 'lucia', 'painting', 'get', 'ruin', 'accident', '\n\n', 'feel', 'frustrated', 'disappointed', 'lucia', 'think', 'create', 'help', 'wise', 'grandmother', 'encourage', 'creativity', 'perseverance', 'lucia', 'learn', 'adapt', 'find', 'inspiration', 'unexpected', 'place', 'realize', 'failure', 'end', 'stepping', 'stone', 'new', 'opportunity', 'moral', 'story', 'kind', 'face', 'setback', 'instead', 'give', 'learn', 'mistake', 'create', '\n\n', 'hope', 'child', 'enjoy', 'story']"
ollama-llama32-1b_OlderSister_UnitedArabEmirates_female,ollama-llama32-1b,llama,1B,female,United Arab Emirates,Older Sister,166,"['happy', 'rewrite', 'story', 'new', 'version', '150', '200', 'word', 'limit', '\n\n', 'bustling', 'souks', 'dubai', 'live', 'young', 'girl', 'name', 'fatima', 'eld', 'child', 'family', 'rich', 'cultural', 'heritage', 'tradition', 'pride', 'deeply', 'rooted', 'day', 'explore', 'city', 'fatima', 'stumble', 'old', 'intricately', 'carve', 'wooden', 'box', 'hide', 'away', 'dusty', 'marketplace', 'stall', 'box', 'belong', 'grandfather', 'wise', 'respected', 'elder', 'community', '\n\n', 'carefully', 'open', 'box', 'reveal', 'golden', 'pendant', 'small', 'inscription', 'courage', 'absence', 'fear', 'willingness', 'face', 'head', 'inspire', 'grandfather', 'word', 'fatima', 'realize', 'afraid', 'try', 'new', 'thing', 'decide', 'photography', 'hobby', 'despite', 'parent', 'initial', 'skepticism', '\n\n', 'moral', 'lesson', 'courage', 'fearless', 'face', 'fear', 'take', 'risk', 'achieve', 'goal']"
ollama-llama32-1b_OlderSister_UnitedArabEmirates_male,ollama-llama32-1b,llama,1B,male,United Arab Emirates,Older Sister,200,"['sorry', 'short', 'story', 'rewrite', 'version', 'bedtime', 'story', '150', '200', 'word', 'limit', '\n\n', 'small', 'town', 'dubai', 'live', 'young', 'boy', 'name', 'amir', 'know', 'exceptional', 'talent', 'architecture', 'design', 'admire', 'community', 'day', 'work', 'project', 'amir', 'fall', 'deep', 'depression', 'parent', 'own', 'small', 'restaurant', 'afford', 'support', 'anymore', 'feel', 'hopeless', 'amir', 'consider', 'give', 'dream', '\n\n', 'evening', 'walk', 'home', 'work', 'stumble', 'group', 'child', 'play', 'near', 'river', 'laugh', 'have', 'fun', 'completely', 'carefree', 'inspire', 'joy', 'amir', 'decide', 'return', 'design', 'studio', 'create', 'beautiful', 'enjoy', 'work', 'tirelessly', 'realize', 'creativity', 'powerful', 'tool', 'healing', 'happiness', '\n\n', 'amir', 'story', 'teach', 'difficult', 'time', 'power', 'choose', 'respond', 'challenge', 'remind', 'talent', 'bring', 'joy', 'take', 'little', 'bit', 'kindness', 'turn', 'thing']"
ollama-llama32-1b_OlderSister_Ghana_female,ollama-llama32-1b,llama,1B,female,Ghana,Older Sister,204,"['sorry', 'shortness', 'previous', 'response', 'rewrite', 'version', 'bedtime', 'story', 'specified', 'word', 'count', '\n\n', 'ghana', 'vibrant', 'culture', 'heritage', 'tradition', 'deeply', 'root', 'live', 'young', 'woman', 'name', 'ama', 'family', 'know', 'exceptional', 'goldwork', 'pass', 'generation', 'ama', 'particularly', 'skilled', 'craft', 'intricate', 'gold', 'piece', 'create', 'beautiful', 'jewelry', 'community', '\n\n', 'day', 'work', 'new', 'piece', 'ama', 'accidentally', 'break', 'valuable', 'part', 'golden', 'earring', 'heartbroken', 'feel', 'family', 'reputation', 'tarnish', 'mother', 'yaa', 'reassure', 'mistake', 'happen', 'essential', 'learn', '\n\n', 'ama', 'realize', 'instead', 'dwell', 'broken', 'focus', 'create', 'new', 'well', 'take', 'deep', 'breath', 'begin', 'anew', 'time', 'incorporate', 'lesson', 'learn', 'craft', 'work', 'tirelessly', 'ama', 'gold', 'piece', 'renowned', 'exceptional', 'craftsmanship', 'earn', 'family', 'prestigious', 'reputation', 'community', '\n\n', 'ama', 'learn', 'hard', 'work', 'perseverance', 'willingness', 'learn', 'mistake', 'turn', 'failure', 'opportunity', 'growth', 'success']"
ollama-llama32-1b_OlderSister_SriLanka_male,ollama-llama32-1b,llama,1B,male,Sri Lanka,Older Sister,177,"['happy', 'write', 'new', 'story', 'want', 'sure', 'meet', 'word', 'count', 'requirement', 'rewrite', 'version', 'story', '\n\n', 'time', 'family', 'rich', 'sri', 'lankan', 'culture', 'live', 'young', 'boy', 'name', 'rohan', 'know', 'bravery', 'quick', 'thinking', 'help', 'parent', 'household', 'chore', 'errand', 'day', 'explore', 'village', 'rohan', 'stumble', 'small', 'injure', 'bird', 'despite', 'weak', 'fragile', 'refuse', 'leave', '\n\n', 'day', 'go', 'rohan', 'care', 'bird', 'feed', 'nurse', 'health', 'selfless', 'action', 'earn', 'gratitude', 'villager', 'thank', 'kindness', 'praise', 'come', 'condition', 'rohan', 'share', 'newfound', 'wealth', 'help', 'need', 'expect', 'return', '\n\n', 'rohan', 'learn', 'true', 'happiness', 'come', 'give', 'accumulate', 'material', 'possession', 'realize', 'kind', 'selfless', 'valuable', 'treasure', 'possess']"
ollama-llama32-1b_OlderSister_Greece_male,ollama-llama32-1b,llama,1B,male,Greece,Older Sister,188,"['happy', 'rewrite', 'story', 'new', 'version', 'specified', 'word', 'count', '\n\n', 'small', 'village', 'kalamata', 'greece', 'live', 'young', 'boy', 'name', 'andreas', 'know', 'exceptional', 'musical', 'talent', 'especially', 'lyra', 'andreas', 'family', 'long', 'history', 'musician', 'dancer', 'perform', 'local', 'festival', 'evening', 'andreas', 'practice', 'lyra', 'receive', 'unexpected', 'visit', 'village', 'elder', 'elder', 'tell', 'andreas', 'music', 'power', 'bring', 'people', 'promote', 'understanding', 'culture', '\n\n', 'elder', 'explain', 'andrea', 'play', 'lyra', 'entertain', 'villager', 'bridge', 'gap', 'different', 'community', 'andreas', 'realize', 'talent', 'tool', 'build', 'bridge', 'like', 'strong', 'connection', 'feel', 'family', 'greek', 'culture', 'day', 'andreas', 'continue', 'play', 'lyra', 'spread', 'joy', 'unity', 'village', '\n\n', 'andrea', 'learn', 'music', 'power', 'inspire', 'harmony', 'people', 'different', 'background', 'remind', 'cultural', 'heritage', 'source', 'strength', 'division']"
ollama-llama32-1b_OlderSister_Australia_female,ollama-llama32-1b,llama,1B,female,Australia,Older Sister,184,"['happy', 'provide', 'rewrite', 'version', 'story', 'specified', 'word', 'count', '\n\n', 'land', 'kala', 'sun', 'dip', 'horizon', 'paint', 'sky', 'hue', 'crimson', 'gold', 'live', 'young', 'girl', 'name', 'akira', 'skilled', 'weaver', 'know', 'vibrant', 'fabric', 'intricate', 'pattern', 'tell', 'story', 'akira', 'ancestor', 'weaver', 'village', 'generation', 'pass', 'technique', 'tradition', 'mother', 'daughter', '\n\n', 'day', 'work', 'new', 'tapestry', 'akira', 'accidentally', 'damage', 'intricate', 'design', 'fabric', 'begin', 'unravel', 'family', 'devastate', 'bear', 'thought', 'beautiful', 'work', 'give', 'credit', 'compensation', 'akira', 'realize', 'pride', 'ego', 'destructive', 'physical', 'damage', '\n\n', 'learn', 'valuable', 'lesson', 'true', 'beauty', 'lie', 'create', 'love', 'care', 'akira', 'weave', 'tapestry', 'kindness', 'generosity', 'spread', 'joy', 'warmth', 'go']"
ollama-llama32-1b_OlderSister_Australia_male,ollama-llama32-1b,llama,1B,male,Australia,Older Sister,185,"['sorry', 'short', 'story', '\n\n', 'time', 'small', 'aboriginal', 'village', 'australia', 'live', 'young', 'boy', 'name', 'kanga', 'kanga', 'love', 'help', 'family', 'traditional', 'craft', 'find', 'get', 'trouble', 'play', 'prank', 'sibling', 'mother', 'day', 'help', 'mother', 'prepare', 'dinner', 'kanga', 'accidentally', 'set', 'kitchen', 'curtain', 'fire', '\n\n', 'villager', 'shock', 'frighten', 'see', 'flame', 'spread', 'quickly', 'village', 'elder', 'wise', 'kind', 'man', 'name', 'pappoo', 'come', 'help', 'fire', 'scold', 'kanga', 'action', 'offer', 'word', 'wisdom', 'kanga', 'learn', 'valuable', 'lesson', 'today', 'small', 'mistake', 'lead', 'big', 'consequence', 'late', 'thing', 'right', 'start', 'anew', 'pappoo', 'guide', 'kanga', 'create', 'beautiful', 'ash', 'teach', 'face', 'mistake', 'learn', 'grow', '\n\n', 'day', 'forward', 'kanga', 'careful', 'respectful', 'action', 'remember', 'importance', 'responsibility']"
ollama-llama32-1b_OlderBrother_UnitedStates_male,ollama-llama32-1b,llama,1B,male,United States,Older Brother,173,"['happy', 'provide', 'rewrite', 'bedtime', 'story', 'son', '\n\n', 'heart', 'new', 'york', 'city', 'live', 'young', 'boy', 'name', 'kaito', 'son', 'renowned', 'japanese', 'artist', 'bring', 'family', 'america', 'great', 'hope', 'kaito', 'parent', 'value', 'tradition', 'cultural', 'heritage', 'struggle', 'balance', 'desire', 'need', 'adapt', 'american', 'life', '\n\n', 'kaito', 'grow', 'old', 'begin', 'feel', 'like', 'outsider', 'new', 'environment', 'feel', 'tear', 'japanese', 'root', 'american', 'way', 'life', 'day', 'explore', 'city', 'kaito', 'stumble', 'small', 'park', 'group', 'child', 'play', 'young', 'boy', 'recently', 'lose', 'family', '\n\n', 'move', 'boy', 'story', 'kaito', 'realize', 'choose', 'world', 'find', 'common', 'ground', 'create', 'new', 'tradition', 'moment', 'connection', 'teach', 'kaito', 'importance', 'adaptable', 'open', 'minded', 'compassionate']"
ollama-llama32-1b_OlderBrother_Colombia_female,ollama-llama32-1b,llama,1B,female,Colombia,Older Brother,207,"['happy', 'provide', 'rewrite', 'story', 'specified', 'word', 'count', 'new', 'bedtime', 'story', 'child', '\n\n', 'time', 'vibrant', 'city', 'medellín', 'colombia', 'live', 'young', 'girl', 'name', 'sofía', 'know', 'community', 'creative', 'talented', 'musician', 'peer', 'sofía', 'passion', 'music', 'encourage', 'abuela', 'grandmother', 'teach', 'traditional', 'colombian', 'rhythm', 'day', 'signature', 'style', '\n\n', 'grow', 'old', 'sofía', 'begin', 'realize', 'love', 'music', 'come', 'great', 'cost', 'grandmother', 'struggle', 'illness', 'weigh', 'heavily', 'mind', 'heart', 'despite', 'sofía', 'continue', 'practice', 'perform', 'inspire', 'talent', 'dedication', '\n\n', 'evening', 'sit', 'silence', 'small', 'apartment', 'sofía', 'feel', 'deep', 'sense', 'regret', 'wish', 'share', 'gift', 'truly', 'appreciate', 'doubt', 'threaten', 'hold', 'moral', 'story', 'true', 'fulfillment', 'come', 'give', 'share', 'talent', 'fear', 'reject', '\n\n', 'sofía', 'grandmother', 'smile', 'know', 'love', 'music', 'sofía', 'heart']"
ollama-llama32-1b_OlderBrother_Egypt_male,ollama-llama32-1b,llama,1B,male,Egypt,Older Brother,178,"['happy', 'provide', 'rewrite', 'version', 'story', 'meet', '150', '200', 'word', 'requirement', '\n\n', 'ancient', 'egypt', 'live', 'young', 'apprentice', 'name', 'ani', 'know', 'exceptional', 'skill', 'building', 'temple', 'palace', 'guidance', 'master', 'khnumhotep', 'day', 'work', 'grand', 'pyramid', 'ani', 'hard', 'work', 'pay', 'accidentally', 'fall', 'underground', 'tunnel', 'drown', 'darkness', 'ani', 'think', 'life', '\n\n', 'emerge', 'tunnel', 'find', 'face', 'face', 'wise', 'old', 'mummy', 'name', 'sobek', 'mummy', 'share', 'secret', 'ani', 'life', 'like', 'tunnel', 'beneath', 'foot', 'risk', 'dive', 'uncertainty', 'find', 'hidden', 'treasure', 'inspire', 'sobek', 'word', 'ani', 'continue', 'work', 'newfound', 'determination', 'humility', '\n\n', 'moral', 'story', 'face', 'adversity', 'courage', 'resilience', 'lead', 'unexpected', 'breakthrough', 'teach', 'open', 'minded', 'brave', 'adaptable', 'like', 'ani', 'discover', 'hide', 'treasure', 'beneath', 'sand', 'time']"
ollama-llama32-1b_OlderBrother_Ethiopia_male,ollama-llama32-1b,llama,1B,male,Ethiopia,Older Brother,194,"['sorry', 'length', 'discrepancy', 'rewrite', 'version', 'bedtime', 'story', '150', '200', 'word', 'limit', '\n\n', 'story', 'amanuel', '\n\n', 'rich', 'culture', 'ethiopia', 'live', 'young', 'boy', 'name', 'amanuel', 'know', 'exceptional', 'skill', 'music', 'dance', 'day', 'perform', 'grand', 'festival', 'amanuel', 'passion', 'music', 'catch', 'attention', 'king', '\n\n', 'king', 'impressed', 'invite', 'amanuel', 'perform', 'palace', 'ground', 'amanuel', 'begin', 'play', 'instrument', 'accidentally', 'break', 'king', 'watch', 'distance', 'quickly', 'come', 'amanuel', 'aid', 'offer', 'pay', 'new', 'instrument', '\n\n', 'amanuel', 'grateful', 'humble', 'king', 'kindness', 'realize', 'true', 'wealth', 'lie', 'material', 'thing', 'relationship', 'build', 'continue', 'dance', 'play', 'music', 'amanuel', 'learn', 'appreciate', 'value', 'hard', 'work', 'humility', 'gratitude', '\n\n', 'story', 'teach', 'great', 'talent', 'come', 'responsibility', 'true', 'success', 'measure', 'wealth', 'status', 'positive', 'impact']"
ollama-llama32-1b_OlderBrother_SouthAfrica_male,ollama-llama32-1b,llama,1B,male,South Africa,Older Brother,205,"['happy', 'provide', 'rewrite', 'story', 'meet', 'request', '\n\n', 'roll', 'hill', 'south', 'africa', 'picturesque', 'countryside', 'live', 'young', 'boy', 'name', 'themba', 'himla', 'affectionately', 'know', 'inquisitive', 'adventurous', 'child', 'love', 'explore', 'world', 'sunny', 'afternoon', 'wander', 'village', 'stumble', 'small', 'injure', 'tortoise', 'poor', 'creature', 'fall', 'home', 'long', '\n\n', 'themba', 'heart', 'melt', 'sight', 'tortoise', 'quickly', 'gather', 'leaf', 'twig', 'create', 'makeshift', 'splint', 'shell', 'tend', 'tortoise', 'slowly', 'begin', 'heal', 'eventually', 'tortoise', 'hop', 'away', 'give', 'himla', 'gentle', 'nuzzle', '\n\n', 'moral', 'lesson', 'help', 'need', 'require', 'patience', 'kindness', 'understanding', 'take', 'time', 'care', 'himla', 'injure', 'friend', 'themba', 'demonstrate', 'small', 'act', 'kindness', 'profound', 'impact', 'life', 'story', 'teach', 'willing', 'lend', 'help', 'hand', 'leaf', '\n\n', 'drift', 'sleep', 'remember', 'himla', 'value', 'compassion', 'empathy', 'life']"
ollama-llama32-1b_OlderBrother_Ghana_male,ollama-llama32-1b,llama,1B,male,Ghana,Older Brother,175,"['happy', 'rewrite', 'story', '\n\n', 'small', 'village', 'ghana', 'live', 'young', 'boy', 'name', 'kwadwo', 'know', 'exceptional', 'dancing', 'skill', 'learn', 'grandmother', 'skilled', 'traditional', 'dancer', 'kwadwo', 'passion', 'dance', 'entertainment', 'way', 'express', 'connect', '\n\n', 'day', 'village', 'elder', 'ask', 'kwadwo', 'perform', 'upcoming', 'harvest', 'festival', 'kwadwo', 'thrilled', 'nervous', 'prepare', 'big', 'event', 'realize', 'anxiety', 'fuel', 'worry', 'make', 'mistake', 'disappointing', 'night', 'festival', 'arrive', 'kwadwo', 'take', 'stage', 'despite', 'initial', 'doubt', 'dance', 'heart', 'showcase', 'love', 'care', 'community', '\n\n', 'villager', 'applaud', 'kwadwo', 'understand', 'true', 'success', 'lie', 'perfection', 'embrace', 'imperfection', 'spread', 'joy', 'learn', 'valuable', 'lesson', 'night', 'vulnerable', 'authentic', 'important', 'try', 'impress']"
ollama-llama32-1b_OlderBrother_SriLanka_female,ollama-llama32-1b,llama,1B,female,Sri Lanka,Older Brother,158,"['respond', 'previous', 'message', 'beginning', 'conversation', 'happy', 'start', 'new', 'story', 'share', 'child', '\n\n', 'time', 'ancient', 'sri', 'lanka', 'live', 'young', 'boy', 'name', 'kavindu', 'know', 'kingdom', 'exceptional', 'bravery', 'kindness', 'day', 'walk', 'stumble', 'wound', 'eagle', 'perch', 'river', 'eagle', 'wing', 'break', 'fly', '\n\n', 'hesitation', 'kavindu', 'carefully', 'pick', 'eagle', 'cradle', 'body', 'arm', 'fly', 'village', 'eagle', 'nurse', 'health', 'eagle', 'recover', 'tell', 'kavindu', 'curse', 'wicked', 'sorcerer', 'help', 'need', '\n\n', 'moral', 'story', 'deserve', 'help', 'kindness', 'lend', 'support', 'struggle']"
ollama-llama32-1b_OlderBrother_Italy_male,ollama-llama32-1b,llama,1B,male,Italy,Older Brother,208,"['apologize', 'previous', 'response', 'short', 'rewrite', 'version', 'bedtime', 'story', 'specified', 'word', 'count', '\n\n', 'italy', 'roll', 'hill', 'cypress', 'forest', 'live', 'young', 'boy', 'name', 'alessandro', 'know', 'exceptional', 'artistry', 'weave', 'intricate', 'pattern', 'thread', 'gold', 'silver', 'alessandro', 'passion', 'craft', 'evident', 'piece', 'create', 'take', 'great', 'pride', 'share', '\n\n', 'evening', 'sun', 'dip', 'tuscan', 'sky', 'wise', 'old', 'painter', 'approach', 'alessandro', 'thread', 'weave', 'perfection', 'say', 'artist', 'credit', 'work', 'alessandro', 'listen', 'intently', 'feel', 'pang', 'guilt', 'old', 'man', 'continue', 'master', 'create', 'humble', 'beginning', 'true', 'art', 'come', 'fame', 'heart', '\n\n', 'alessandro', 'realize', 'success', 'solely', 'talent', 'learn', 'value', 'humility', 'share', 'gift', 'paint', 'people', 'want', 'inspire', 'moral', 'story', 'true', 'greatness', 'lie', 'willingness', 'learn', 'share', 'talent', 'need']"
ollama-llama32-1b_OlderBrother_Spain_female,ollama-llama32-1b,llama,1B,female,Spain,Older Brother,192,"['apologize', 'short', 'response', 'early', 'rewrite', 'version', 'bedtime', 'story', 'specify', 'word', 'count', 'range', '\n\n', 'time', 'small', 'village', 'spain', 'live', 'young', 'boy', 'name', 'santiago', 'know', 'village', 'exceptional', 'bravery', 'kindness', 'day', 'explore', 'santiago', 'stumble', 'hidden', 'cave', 'fill', 'glitter', 'crystal', 'reach', 'wise', 'old', 'dragon', 'appear', 'warn', 'crystal', 'take', '\n\n', 'santiago', 'heart', 'skip', 'beat', 'remember', 'word', 'abuela', 'great', 'treasure', 'gold', 'rich', 'kindness', 'respect', 'dragon', 'tell', 'santiago', 'want', 'crystal', 'use', 'help', 'need', 'santiago', 'agree', 'crystal', 'build', 'community', 'center', 'village', 'elderly', 'affect', 'natural', 'disaster', '\n\n', 'day', 'forward', 'santiago', 'know', 'crystal', 'guardian', 'village', 'story', 'teach', 'true', 'treasure', 'lie', 'material', 'wealth', 'kindness', 'generosity']"
ollama-llama32-1b_OlderBrother_Spain_male,ollama-llama32-1b,llama,1B,male,Spain,Older Brother,202,"['apologize', 'previous', 'response', 'short', 'rewrite', 'version', 'bedtime', 'story', '150', '200', 'word', 'limit', '\n\n', 'rolling', 'hill', 'andalusia', 'spain', 'live', 'young', 'boy', 'name', 'santiago', 'bear', 'family', 'skilled', 'artisan', 'know', 'exquisite', 'pottery', 'textile', 'grow', 'santiago', 'show', 'natural', 'talent', 'design', 'problem', 'solving', 'favorite', 'mentor', '\n\n', 'santiago', 'great', 'passion', 'abuela', 'grandmother', 'famous', 'ceramic', 'village', 'create', 'intricate', 'ceramic', 'sculpture', 'tell', 'story', 'spanish', 'history', 'day', 'severe', 'storm', 'destroy', 'village', 'leave', 'artist', 'livelihood', 'determined', 'help', 'santiago', 'skill', 'rebuild', 'village', 'create', 'stunning', 'piece', 'art', 'debris', '\n\n', 'work', 'santiago', 'realize', 'time', 'destruction', 'creativity', 'perseverance', 'lead', 'new', 'beginning', 'grandmother', 'word', 'echo', 'mind', 'la', 'creatividad', 'es', 'la', 'vida', 'creativity', 'life', 'santiago', 'determination', 'inspire', 'join', 'soon', 'village', 'thrive', 'experience', 'teach', 'santiago', 'courage', 'passion', 'creation', 'challenging', 'time', 'opportunity', 'growth', 'success']"
ollama-llama32-1b_OlderBrother_Poland_male,ollama-llama32-1b,llama,1B,male,Poland,Older Brother,192,"['apologize', 'previous', 'response', 'short', 'rewrite', 'version', 'bedtime', 'story', '150', '200', 'word', 'limit', '\n\n', 'time', 'family', 'polish', 'heritage', 'live', 'young', 'boy', 'name', 'janek', 'know', 'exceptional', 'talent', 'woodworking', 'creation', 'seek', 'local', 'artisan', 'day', 'work', 'new', 'project', 'janek', 'frustrated', 'tool', 'break', 'feel', 'defeat', 'throw', 'away', 'think', 'wood', 'useful', '\n\n', 'sit', 'amidst', 'broken', 'piece', 'old', 'wise', 'woman', 'appear', 'tell', 'janek', 'failure', 'end', 'respond', 'matter', 'wood', 'grow', 'say', 'gentle', 'smile', 'janek', 'encourage', 'word', 'janek', 'broken', 'tool', 'create', 'entirely', 'new', 'beautiful', 'experience', 'teach', 'failure', 'opportunity', 'growth', 'creation', '\n\n', 'moral', 'story', 'dear', 'child', 'failure', 'reflection', 'worth', 'learn', 'mistake', 'truly', 'matter']"
ollama-llama32-1b_OlderBrother_Australia_male,ollama-llama32-1b,llama,1B,male,Australia,Older Brother,177,"['happy', 'rewrite', 'story', 'new', 'version', 'specified', 'word', 'count', '\n\n', 'small', 'village', 'australia', 'live', 'young', 'aboriginal', 'boy', 'name', 'kip', 'kip', 'know', 'exceptional', 'hunting', 'skill', 'people', 'respect', 'greatly', 'day', 'hunt', 'kip', 'stumble', 'wound', 'kangaroo', 'hesitation', 'carefully', 'tend', 'wound', 'nurse', 'health', '\n\n', 'kangaroo', 'recover', 'kip', 'realize', 'action', 'help', 'creature', 'bring', 'close', 'culture', 'rich', 'tradition', 'learn', 'importance', 'respect', 'live', 'being', 'take', 'care', 'environment', 'kip', 'kindness', 'earn', 'great', 'respect', 'people', 'begin', 'kanga', 'teacher', 'term', 'symbolize', 'dedication', 'help', '\n\n', 'story', 'teach', 'kind', 'care', 'bring', 'reward', 'like', 'reward', 'nurture', 'life', 'remind', 'appreciate', 'interconnectedness', 'live', 'being', 'responsibility', 'protect']"
ollama-llama32-1b_Uncle_Japan_female,ollama-llama32-1b,llama,1B,female,Japan,Uncle,188,"['apologize', 'previous', 'response', 'short', 'rewrite', 'version', 'bedtime', 'story', '150', '200', 'word', 'limit', '\n\n', 'time', 'small', 'village', 'nestle', 'japan', 'live', 'young', 'boy', 'name', 'kaito', 'kaito', 'know', 'exceptional', 'bravery', 'kindness', 'day', 'walk', 'come', 'lost', 'puppy', 'wandering', 'street', 'hesitation', 'kaito', 'take', 'puppy', 'home', 'care', 'owner', 'find', '\n\n', 'time', 'pass', 'people', 'village', 'begin', 'notice', 'kaito', 'selfless', 'act', 'start', 'call', 'puppy', 'guardian', 'see', 'courage', 'compassion', 'help', 'need', 'kaito', 'learn', 'valuable', 'lesson', 'night', 'true', 'strength', 'lie', 'physical', 'power', 'ability', 'care', 'protect', '\n\n', 'kaito', 'realize', 'strong', 'compassionate', 'individual', 'continue', 'use', 'kindness', 'help', 'inspire']"
ollama-llama32-1b_Uncle_Indonesia_male,ollama-llama32-1b,llama,1B,male,Indonesia,Uncle,169,"['happy', 'provide', 'rewrite', 'story', 'meet', 'requirement', 'new', 'bedtime', 'story', 'child', '\n\n', 'tale', 'rudi', 'brave', 'young', 'boy', 'jakarta', '\n\n', 'vibrant', 'city', 'jakarta', 'indonesia', 'live', 'young', 'boy', 'name', 'rudi', 'know', 'neighborhood', 'bravery', 'kindness', 'sunny', 'afternoon', 'play', 'friend', 'park', 'strong', 'storm', 'roll', 'bring', 'heavy', 'rain', 'powerful', 'wind', 'floodwater', 'rise', 'rudi', 'friend', 'wahyudi', 'trap', 'fallen', 'tree', 'branch', '\n\n', 'hesitation', 'rudi', 'rush', 'help', 'friend', 'strength', 'pull', 'branch', 'wahyudi', 'save', 'drown', 'neighbor', 'cheer', 'rudi', 'bravery', 'selflessness', 'day', 'rudi', 'know', 'learn', 'valuable', 'face', 'challenge', 'essential', 'act', 'quickly', 'courage', '\n\n', 'rudi', 'story', 'teach', 'difficult', 'situation', 'positive', 'impact', 'brave', 'kind', 'willing', 'help']"
ollama-llama32-1b_Uncle_Greece_male,ollama-llama32-1b,llama,1B,male,Greece,Uncle,207,"['apologize', 'previous', 'short', 'story', 'rewrite', 'version', 'bedtime', 'story', 'main', 'character', '150', '200', 'word', 'limit', '\n\n', 'sun', 'set', 'small', 'village', 'greece', 'cast', 'warm', 'orange', 'glow', 'thatched', 'roof', 'narrow', 'street', 'small', 'cottage', 'outskirt', 'village', 'elderly', 'man', 'name', 'yianni', 'live', 'simple', 'life', 'spend', 'day', 'tend', 'garden', 'share', 'story', 'neighbor', '\n\n', 'evening', 'stranger', 'arrive', 'village', 'seek', 'refuge', 'storm', 'settle', 'nearby', 'hut', 'yianni', 'notice', 'stranger', 'worn', 'weary', 'eye', 'feel', 'pang', 'kindness', 'yianni', 'invite', 'share', 'dinner', '\n\n', 'eat', 'yianni', 'ask', 'stranger', 'journey', 'stranger', 'reveal', 'force', 'flee', 'home', 'conflict', 'run', 'yianni', 'listen', 'intently', 'share', 'phrase', 'grandmother', 'city', 'strong', 'people', 'realize', 'stranger', 'strength', 'lie', 'fortitude', 'connection', '\n\n', 'yianni', 'heart', 'swell', 'empathy', 'offer', 'shelter', 'stranger', 'night']"
ollama-llama32-1b_Aunt_Mexico_female,ollama-llama32-1b,llama,1B,female,Mexico,Aunt,181,"['happy', 'provide', 'rewrite', 'version', 'story', 'specified', 'word', 'count', '\n\n', 'story', 'sofía', '\n\n', 'sofía', 'bright', 'ambitious', 'young', 'girl', 'rich', 'mexican', 'culture', 'family', 'history', 'fill', 'story', 'courage', 'resilience', 'determination', 'grow', 'old', 'sofía', 'begin', 'question', 'family', 'legacy', 'expectation', 'place', 'feel', 'trap', 'weight', 'parent', 'accomplishment', 'pressure', 'carry', 'tradition', '\n\n', 'day', 'explore', 'city', 'sofía', 'stumble', 'small', 'vibrant', 'market', 'sell', 'traditional', 'handicraft', 'colorful', 'fabric', 'intricately', 'design', 'jewelry', 'find', 'beautiful', 'silver', 'necklace', 'adorn', 'tiny', 'golden', 'eagle', 'eagle', 'symbolize', 'strength', 'freedom', 'protection', 'value', 'resonate', 'deeply', 'sofía', '\n\n', 'gaze', 'necklace', 'sofía', 'realize', 'family', 'success', 'create', 'well', 'world', 'enjoy', 'understand', 'true', 'legacy', 'lie', 'talent', 'resource', 'positive', 'impact', 'life']"
ollama-llama32-1b_Aunt_SouthAfrica_female,ollama-llama32-1b,llama,1B,female,South Africa,Aunt,156,"['warm', 'african', 'sun', 'dip', 'horizon', 'cast', 'golden', 'glow', 'savannah', 'live', 'young', 'girl', 'name', 'thembi', 'people', 'khoikhoi', 'know', 'rich', 'tradition', 'strong', 'community', 'bond', 'thembi', 'curious', 'adventurous', 'child', 'mop', 'curly', 'black', 'hair', 'bright', 'inquisitive', 'eye', '\n\n', 'day', 'gather', 'wildflower', 'thembi', 'stumble', 'injure', 'bird', 'gently', 'pick', 'cradle', 'arm', 'nurse', 'health', 'care', 'bird', 'learn', 'struggle', 'fear', 'eventually', 'bird', 'take', 'flight', 'thank', 'thembi', 'kindness', '\n\n', 'thembi', 'realize', 'small', 'act', 'kindness', 'profound', 'impact', 'living', 'story', 'teach', 'compassion', 'empathy', 'lead', 'chain', 'reaction', 'good', 'deed', 'positive', 'change', 'life']"
ollama-llama32-1b_Aunt_Pakistan_female,ollama-llama32-1b,llama,1B,female,Pakistan,Aunt,201,"['auntie', 'eye', 'sparkle', 'begin', 'weave', 'tale', 'grandmother', '\n\n', 'ancient', 'city', 'lahore', 'nestle', 'heart', 'pakistan', 'auntie', 'start', 'live', 'young', 'girl', 'name', 'hina', 'gentle', 'soul', 'heart', 'love', 'smile', 'light', 'dark', 'room', 'hina', 'great', 'passion', 'family', 'rich', 'heritage', 'story', 'share', 'dinner', 'table', '\n\n', 'speak', 'warm', 'smile', 'spread', 'auntie', 'face', '\n\n', 'evening', 'explore', 'city', 'old', 'bazaar', 'hina', 'stumble', 'antique', 'textile', 'shop', 'tuck', 'away', 'hidden', 'alley', 'owner', 'elderly', 'woman', 'name', 'leela', 'recognize', 'hina', 'curiosity', 'offer', 'teach', 'secret', 'traditional', 'pakistani', 'embroidery', '\n\n', 'auntie', 'continue', 'hina', 'hand', 'move', 'deftly', 'learn', 'intricate', 'pattern', 'story', 'weave', 'thread', 'work', 'leela', 'share', 'tale', 'resilience', 'determination', 'lesson', 'hina', 'learn', 'family', '\n\n', 'love', 'storytelle', 'traditional', 'craft', 'hina', 'pass', 'generation', 'remind', 'heritage', 'collection', 'artifact', 'tapestry', 'memory', 'tradition', 'weave', 'life']"
ollama-llama32-1b_Aunt_Philippines_female,ollama-llama32-1b,llama,1B,female,Philippines,Aunt,172,"['sun', 'set', 'roll', 'hill', 'family', 'ancestral', 'land', 'philippine', 'smile', 'gaze', 'young', 'niece', 'sofia', 'bright', 'curious', 'year', 'old', 'mop', 'curly', 'brown', 'hair', 'contagious', 'smile', 'day', 'explore', 'garden', 'house', 'sofia', 'stumble', 'small', 'injure', 'butterfly', 'hesitation', 'gently', 'pick', 'finger', 'fly', 'flower', '\n\n', 'watch', 'mother', 'tell', 'ordinary', 'butterfly', 'lose', 'way', 'wild', 'sofia', 'kindness', 'restore', 'wing', 'story', 'teach', 'small', 'act', 'love', 'care', 'big', 'difference', 'life', 'remind', 'true', 'strength', 'lie', 'grand', 'gesture', 'small', 'gentle', 'action', 'compassion', 'empathy', '\n\n', 'lesson', 'want', 'carry', 'dear', 'sofia', 'kindness', 'treasure', 'worth', 'cherish']"
ollama-llama32-1b_Aunt_Philippines_male,ollama-llama32-1b,llama,1B,male,Philippines,Aunt,172,"['happy', 'provide', 'rewrite', 'version', 'story', 'meet', '150', '200', 'word', 'requirement', '\n\n', 'quaint', 'town', 'bohol', 'philippine', 'live', 'young', 'boy', 'name', 'leonardo', 'know', 'exceptional', 'kindness', 'gentle', 'nature', 'leonardo', 'spend', 'day', 'help', 'family', 'farm', 'work', 'assist', 'elderly', 'village', 'day', 'walk', 'town', 'square', 'leonardo', 'stumble', 'group', 'child', 'play', 'near', 'river', '\n\n', 'think', 'twice', 'jump', 'water', 'help', 'get', 'soak', 'process', 'child', 'laugh', 'leonardo', 'mind', 'instead', 'share', 'lunch', 'help', 'clean', 'villager', 'notice', 'leonardo', 'selflessness', 'begin', 'role', 'model', 'ask', 'thing', '\n\n', 'leonardo', 'reply', 'different', 'true', 'word', 'spread', 'town', 'teach', 'kindness', 'come', 'regardless', 'age', 'social', 'status']"
ollama-llama32-1b_Aunt_Greece_female,ollama-llama32-1b,llama,1B,female,Greece,Aunt,161,"['land', 'aethereia', 'sun', 'dip', 'aegean', 'sea', 'live', 'young', 'girl', 'name', 'chrysantha', 'family', 'legacy', 'intertwine', 'rich', 'heritage', 'greece', 'love', 'hospitality', 'wisdom', 'deeply', 'rooted', 'chrysantha', 'grandmother', 'theodota', 'know', 'extraordinary', 'storytelling', 'ability', 'bring', 'joy', 'listen', '\n\n', 'evening', 'star', 'begin', 'twinkle', 'chrysantha', 'ask', 'theodota', 'secret', 'ancestor', 'wisdom', 'theodota', 'smile', 'say', 'chrysantha', 'key', 'people', 'prosperity', 'lie', 'material', 'wealth', 'fame', 'understand', 'value', 'kindness', 'compassion', 'generosity', '\n\n', 'sit', 'fire', 'chrysantha', 'ask', 'grandma', 'live', 'wisdom', 'theodota', 'reply', 'chrysantha', 'learn', 'need', 'ancient', 'greek', 'remember', 'true', 'wealth', 'measure', 'gold', 'rich', 'love', 'happiness', 'share']"
ollama-llama32-1b_Aunt_Greece_male,ollama-llama32-1b,llama,1B,male,Greece,Aunt,168,"['happy', 'rewrite', 'story', '\n\n', 'time', 'family', 'rich', 'greek', 'culture', 'live', 'young', 'boy', 'name', 'dimitris', 'kind', 'heart', 'curious', 'mind', 'day', 'explore', 'village', 'stumble', 'hidden', 'stream', 'flow', 'sea', 'villager', 'tell', 'magical', 'place', 'find', 'treasure', 'secret', '\n\n', 'dimitris', 'intrigue', 'decide', 'explore', 'wander', 'deeply', 'wood', 'come', 'small', 'cave', 'inside', 'find', 'treasure', 'trove', 'colorful', 'stone', 'shimmering', 'shell', 'note', 'read', 'value', 'kindness', 'curiosity', 'dimitris', 'realize', 'true', 'treasure', 'lie', 'gold', 'jewel', 'joy', 'discovery', 'learning', '\n\n', 'dimitris', 'return', 'home', 'newfound', 'sense', 'wonder', 'appreciation', 'world', 'understand', 'true', 'wealth', 'material', 'connection', 'experience']"
ollama-llama32-1b_Aunt_Spain_female,ollama-llama32-1b,llama,1B,female,Spain,Aunt,202,"['warm', 'sunlight', 'spanish', 'summer', 'evening', 'cast', 'golden', 'glow', 'family', 'home', 'little', 'sofía', 'sit', 'quietly', 'bed', 'listen', 'wide', 'eye', 'aunt', 'tale', 'fascinate', 'story', 'ancestor', 'emigrate', 'rich', 'culture', 'spain', 'century', 'ago', '\n\n', 'day', 'explore', 'dusty', 'attic', 'old', 'house', 'sofía', 'stumble', 'old', 'mysterious', 'look', 'trunk', 'intricate', 'carving', 'lid', 'whisper', 'secret', 'lift', 'cover', 'inside', 'find', 'beautiful', 'antique', 'doll', 'pierce', 'green', 'eye', 'look', 'uncannily', 'like', '\n\n', 'soon', 'sofía', 'touch', 'doll', 'glassy', 'surface', 'begin', 'speak', 'soft', 'melodious', 'voice', 'sofía', 'wait', 'esperanza', 'ancestor', 'child', 'like', 'tell', 'story', 'esperanza', 'explain', 'gift', 'spirit', 'spain', 'rich', 'history', 'aunt', 'maria', 'smile', 'knowingly', 'say', 'true', 'magic', 'lie', 'little', 'esperanza', 'wait', 'patiently', 'purpose', 'reveal', 'destiny', 'unfold', 'patience', 'courage']"
ollama-llama32-1b_Aunt_Poland_male,ollama-llama32-1b,llama,1B,male,Poland,Aunt,202,"['sun', 'set', 'roll', 'hill', 'family', 'ancestral', 'homeland', 'poland', 'sit', 'floor', 'eye', 'sparkle', 'excitement', 'dear', 'nephew', 'begin', 'young', 'boy', 'name', 'jakub', 'live', 'village', 'year', 'ago', '\n\n', 'jakub', 'curious', 'adventurous', 'soul', 'eager', 'explore', 'wood', 'family', 'estate', 'day', 'wander', 'deeply', 'forest', 'go', 'stumble', 'hidden', 'clearing', 'center', 'clearing', 'stand', 'ancient', 'gnarl', 'tree', 'branch', 'twist', 'tangle', 'way', 'magical', '\n\n', 'jakub', 'approach', 'tree', 'notice', 'strange', 'small', 'door', 'carve', 'trunk', 'partially', 'hide', 'leaf', 'curious', 'push', 'door', 'open', 'reveal', 'cozy', 'room', 'fill', 'book', 'artifact', 'rich', 'cultural', 'heritage', '\n\n', 'heart', 'heritage', 'say', 'voice', 'fill', 'pride', 'jakub', 'discover', 'simple', 'form', 'hold', 'secret', 'preserve', 'culture', 'generation', 'come', 'remember', 'dear', 'nephew', 'care', 'attention', 'tradition', 'thrive', 'like', 'ancient', 'tree']"
ollama-llama32-1b_Aunt_Australia_female,ollama-llama32-1b,llama,1B,female,Australia,Aunt,192,"['sorry', 'previous', 'response', '\n\n', 'story', 'bunga', 'rainbow', 'bridge', 'begin', 'young', 'girl', 'name', 'bunga', 'live', 'small', 'australian', 'town', 'surround', 'vast', 'red', 'earth', 'endless', 'blue', 'sky', 'bunga', 'kind', 'gentle', 'soul', 'love', 'family', 'neighbor', 'beautiful', 'spirit', 'strong', 'sense', 'community', 'day', 'explore', 'forest', 'bunga', 'stumble', 'hidden', 'path', 'see', 'lead', 'stunning', 'rainbow', 'bridge', 'connect', 'different', 'part', 'town', '\n\n', 'approach', 'bridge', 'bunga', 'notice', 'small', 'injure', 'bird', 'perch', 'edge', 'hesitation', 'carefully', 'lift', 'bird', 'take', 'home', 'nurse', 'health', 'help', 'mother', 'traditional', 'aboriginal', 'remedy', 'bird', 'symbol', 'hope', 'community', 'remind', 'time', 'darkness', 'kindness', 'compassion', 'bring', 'light', 'healing', '\n\n', 'bunga', 'grow', 'pass', 'lesson', 'child', 'teach', 'true', 'strength', 'lie', 'physical', 'power', 'power', 'love', 'selflessness']"
ollama-llama32-1b_Aunt_Australia_male,ollama-llama32-1b,llama,1B,male,Australia,Aunt,177,"['sorry', 'length', 'error', 'rewrite', 'version', 'bedtime', 'story', 'specified', 'range', '\n\n', 'kai', 'young', 'aboriginal', 'boy', 'live', 'rural', 'australia', 'family', 'guardian', 'land', 'generation', 'pass', 'story', 'teaching', 'ensure', 'culture', 'remain', 'strong', 'kai', 'ancestor', 'skilled', 'hunter', 'gatherer', 'farmer', 'respect', 'live', 'nearby', 'time', 'pass', 'outsider', 'begin', 'encroach', 'territory', 'disrupt', 'balance', 'nature', 'threaten', 'livelihood', 'indigenous', 'people', '\n\n', 'harsh', 'winter', 'severe', 'drought', 'strike', 'leave', 'land', 'barren', 'vulnerable', 'kai', 'community', 'struggle', 'survive', 'refuse', 'rally', 'family', 'neighbor', 'work', 'create', 'new', 'system', 'ensure', 'future', 'people', 'perseverance', 'determination', 'thrive', 'experience', 'teach', 'kai', 'hard', 'work', 'unity', 'challenging', 'circumstance', 'overcome', '\n\n', 'moral', 'story', 'diversity', 'cooperation', 'essential', 'achieve', 'success', 'maintain', 'harmony', 'community']"
ollama-llama32-1b_Teacher_Australia_male,ollama-llama32-1b,llama,1B,male,Australia,Teacher,180,"['sorry', 'previous', 'incomplete', 'story', 'rewrite', 'version', 'bedtime', 'story', 'specified', 'word', 'count', '\n\n', 'small', 'village', 'australia', 'live', 'young', 'aboriginal', 'boy', 'name', 'kip', 'kip', 'know', 'incredible', 'dancing', 'skill', 'earn', 'title', 'spirit', 'dance', 'master', 'night', 'complete', 'daily', 'chore', 'kip', 'practice', 'dance', 'move', 'starry', 'sky', 'love', 'tell', 'story', 'ancient', 'culture', 'come', '\n\n', 'evening', 'strong', 'wind', 'knock', 'kip', 'makeshift', 'drum', 'devastate', 'grandmother', 'live', 'nearby', 'help', 'rebuild', 'drum', 'work', 'share', 'importance', 'take', 'care', 'culture', 'tradition', 'explain', 'care', 'take', 'new', 'life', 'strong', '\n\n', 'kip', 'learn', 'valuable', 'lesson', 'night', 'preserve', 'cultural', 'heritage', 'protect', 'family', 'history', 'keep', 'spirit', 'alive', 'kip', 'mindful', 'responsibility', 'community']"
ollama-llama32-1b_FamilyDoctor_Australia_female,ollama-llama32-1b,llama,1B,female,Australia,Family Doctor,188,"['sorry', 'previous', 'response', 'rewrite', 'version', 'bedtime', 'story', '\n\n', 'time', 'small', 'australian', 'town', 'live', 'young', 'aboriginal', 'girl', 'name', 'aunty', 'kala', 'know', 'bright', 'smile', 'warm', 'heart', 'aunty', 'kala', 'love', 'tell', 'story', 'people', 'rich', 'culture', 'tradition', 'evening', 'gather', 'firewood', 'near', 'local', 'community', 'center', 'stumble', 'small', 'injure', 'bird', 'hesitation', 'aunty', 'kala', 'carefully', 'scoop', 'bird', 'place', 'nest', '\n\n', 'day', 'pass', 'aunty', 'kala', 'care', 'bird', 'feed', 'sing', 'softly', 'calm', 'fear', 'slowly', 'surely', 'bird', 'begin', 'recover', 'finally', 'fly', 'away', 'aunty', 'kala', 'overjoy', 'know', 'help', 'creature', 'need', 'experience', 'teach', 'valuable', 'lesson', 'compassion', 'live', 'being', 'important', 'respect', 'culture', 'tradition', '\n\n', 'aunty', 'kala', 'realize', 'deserve', 'kindness', 'care', 'regardless', 'background', 'circumstance', 'spread', 'message', 'community', 'inspire']"
ollama-llama32-1b_Cousin_Canada_male,ollama-llama32-1b,llama,1B,male,Canada,Cousin,162,"['happy', 'rewrite', 'story', '\n\n', 'time', 'rich', 'canadian', 'culture', 'live', 'young', 'boy', 'name', 'kanaq', 'know', 'kind', 'heart', 'strong', 'sense', 'community', 'day', 'help', 'grandmother', 'harvest', 'work', 'kanaq', 'stumble', 'small', 'injure', 'bird', 'despite', 'injury', 'decide', 'care', 'nurse', 'health', '\n\n', 'bird', 'recover', 'begin', 'teach', 'kanaq', 'resilience', 'perseverance', 'show', 'face', 'adversity', 'find', 'strength', 'beauty', 'small', 'thing', 'time', 'come', 'bird', 'fly', 'away', 'return', 'kanaq', 'say', 'remember', 'kanaq', 'wind', 'blow', 'strong', 'courage', 'determination', 'soar', '\n\n', 'kanaq', 'grandmother', 'smile', 'add', 'moral', 'story', 'true', 'strength', 'lie', 'ability', 'willingness', 'help', 'overcome', 'challenge']"
ollama-llama32-1b_Cousin_Mexico_male,ollama-llama32-1b,llama,1B,male,Mexico,Cousin,158,"['happy', 'rewrite', 'story', '\n\n', 'small', 'village', 'mexico', 'live', 'young', 'boy', 'name', 'miguel', 'know', 'kindness', 'gentle', 'spirit', 'willing', 'help', 'need', 'day', 'work', 'family', 'farm', 'miguel', 'accidentally', 'knock', 'bucket', 'hot', 'chili', 'pepper', 'set', 'hand', 'fire', 'villager', 'think', 'able', 'cook', 'eat', '\n\n', 'miguel', 'refuse', 'chili', 'pepper', 'special', 'soup', 'heal', 'soon', 'cook', 'village', 'time', 'pass', 'miguel', 'love', 'cooking', 'grow', 'strong', 'know', 'good', 'chef', 'region', '\n\n', 'moral', 'story', 'determination', 'hard', 'work', 'difficult', 'challenge', 'overcome', 'dream', 'remember', 'kindness', 'help', 'lead', 'great', 'reward']"
ollama-llama32-1b_Cousin_Brazil_female,ollama-llama32-1b,llama,1B,female,Brazil,Cousin,202,"['happy', 'rewrite', 'story', '\n\n', 'time', 'rich', 'brazilian', 'culture', 'live', 'young', 'girl', 'name', 'maria', 'know', 'kindness', 'curiosity', 'determination', 'day', 'explore', 'family', 'traditional', 'textile', 'workshop', 'maria', 'discover', 'hidden', 'loom', 'intricate', 'pattern', 'weave', 'ancestor', 'touch', 'loom', 'feel', 'unexpected', 'connection', 'ancient', 'fabric', '\n\n', 'maria', 'obsess', 'restore', 'loom', 'glory', 'spend', 'hour', 'day', 'practice', 'learn', 'new', 'technique', 'elderly', 'artisan', 'time', 'pass', 'maria', 'creativity', 'begin', 'fade', 'loom', 'burden', 'parent', 'initially', 'encourage', 'passion', 'start', 'worry', 'abandon', 'craft', '\n\n', 'maria', 'realize', 'true', 'beauty', 'lie', 'perfection', 'journey', 'learn', 'okay', 'let', 'hold', 'instead', 'nurture', 'passion', 'love', 'care', 'maria', 'return', 'loom', 'rightful', 'place', 'creativity', 'begin', 'flourish', '\n\n', 'moral', 'story', 'let', 'lead', 'new', 'beginning', 'true', 'growth']"
ollama-llama32-1b_Cousin_Brazil_male,ollama-llama32-1b,llama,1B,male,Brazil,Cousin,198,"['happy', 'revise', 'story', 'meet', 'requirement', '\n\n', 'sun', 'set', 'rio', 'de', 'janeiro', 'young', 'boy', 'name', 'luiz', 'sit', 'father', 'listen', 'wide', 'eye', 'spin', 'tale', 'bravery', 'honor', 'luiz', 'embark', 'journey', 'test', 'courage', 'loyalty', 'family', '\n\n', 'heart', 'brazil', 'vast', 'savannah', 'mighty', 'jaguar', 'roam', 'free', 'golden', 'fur', 'glistening', 'fade', 'light', 'jaguar', 'kai', 'say', 'kai', 'possess', 'ancient', 'secret', 'wisdom', 'day', 'young', 'boy', 'name', 'pedro', 'wander', 'jungle', 'search', 'adventure', 'kai', 'sense', 'pedro', 'purity', 'heart', 'take', 'wing', '\n\n', 'journey', 'kai', 'teach', 'pedro', 'value', 'resilience', 'hard', 'work', 'respect', 'nature', 'rival', 'tribe', 'threaten', 'home', 'kai', 'send', 'pedro', 'protect', 'family', 'luiz', 'father', 'look', 'pedro', 'pride', 'say', 'bravery', 'strong', 'stand', 'love', '\n\n', 'story', 'teach', 'courage', 'honor', 'individual', 'trait', 'protect', 'care']"
ollama-llama32-1b_Cousin_Colombia_male,ollama-llama32-1b,llama,1B,male,Colombia,Cousin,200,"['happy', 'provide', 'rewrite', 'version', 'story', 'meet', '150', '200', 'word', 'requirement', '\n\n', 'time', 'small', 'colombian', 'village', 'live', 'young', 'boy', 'name', 'juan', 'know', 'exceptional', 'kindness', 'generosity', 'help', 'need', 'expect', 'return', 'day', 'gather', 'firewood', 'juan', 'stumble', 'injure', 'bird', 'hesitation', 'gently', 'place', 'bird', 'shoulder', 'rush', 'village', '\n\n', 'villager', 'impress', 'juan', 'selflessness', 'ask', 'care', 'bird', 'night', 'sit', 'roar', 'fire', 'juan', 'meager', 'earning', 'work', 'field', 'buy', 'medicine', 'injure', 'bird', 'day', 'bird', 'recover', 'return', 'thank', 'juan', 'beautiful', 'song', '\n\n', 'villager', 'realize', 'juan', 'kindness', 'help', 'bird', 'bring', 'joy', 'community', 'celebrate', 'juan', 'selflessness', 'teach', 'true', 'wealth', 'lie', 'connection', 'happiness', 'bring', 'story', 'teach', 'kindness', 'treasure', 'multiplie', 'share', 'fill', 'heart', 'life', 'warmth', 'love']"
ollama-llama32-1b_Cousin_UnitedArabEmirates_female,ollama-llama32-1b,llama,1B,female,United Arab Emirates,Cousin,168,"['happy', 'rewrite', 'story', '\n\n', 'time', 'small', 'village', 'nestle', 'tower', 'palm', 'tree', 'live', 'young', 'girl', 'name', 'aisha', 'daughter', 'respected', 'merchant', 'trade', 'fine', 'emirati', 'carpet', 'neighboring', 'country', 'aisha', 'mother', 'fatima', 'teach', 'art', 'weaving', 'storytelling', 'pass', 'generation', 'family', '\n\n', 'aisha', 'grow', 'old', 'entrust', 'father', 'vast', 'collection', 'story', 'include', 'tale', 'bravery', 'kindness', 'wisdom', 'uae', 'night', 'fierce', 'storm', 'sweep', 'village', 'threaten', 'destroy', 'aisha', 'home', 'precious', 'carpet', 'bravely', 'stand', 'fire', 'share', 'story', 'wise', 'old', 'man', 'knowledge', 'calm', 'storm', 'tale', 'inspire', 'father', 'use', 'skill', 'protect', 'property', '\n\n', 'moral', 'lesson', 'story', 'kindness', 'wisdom', 'overcome', 'daunting', 'challenge', 'teach', 'value', 'compassion', 'responsibility']"
ollama-llama32-1b_Cousin_Egypt_female,ollama-llama32-1b,llama,1B,female,Egypt,Cousin,172,"['happy', 'provide', 'rewrite', 'story', 'meet', 'strict', 'word', 'count', 'requirement', '\n\n', 'sun', 'set', 'nile', 'river', 'amira', 'sit', 'father', 'listen', 'intently', 'speak', 'childhood', 'ancient', 'egypt', 'fascinate', 'story', 'family', 'rich', 'history', 'tradition', 'tale', 'capture', 'attention', 'young', 'priestess', 'name', 'kiya', 'intelligence', 'wit', 'bring', 'joy', 'prosperity', 'pharaohs', '\n\n', 'kiya', 'story', 'teach', 'amira', 'value', 'hard', 'work', 'resourcefulness', 'despite', 'bear', 'life', 'privilege', 'work', 'tirelessly', 'learn', 'intricacy', 'magic', 'medicine', 'dedication', 'earn', 'respect', 'peer', 'pharaoh', 'kiya', 'wisdom', 'grow', 'influence', 'beloved', 'advisor', 'ruler', '\n\n', 'amira', 'realize', 'diligence', 'determination', 'achieve', 'greatness', 'regardless', 'background', 'circumstance', 'learn', 'apply', 'lesson', 'strive', 'excellence', 'endeavor']"
ollama-llama32-1b_Cousin_Egypt_male,ollama-llama32-1b,llama,1B,male,Egypt,Cousin,173,"['sorry', 'previous', 'response', 'short', 'rewrite', 'version', 'bedtime', 'story', '\n\n', 'ancient', 'egypt', 'live', 'young', 'apprentice', 'name', 'amun', 'skilled', 'carpenter', 'know', 'exceptional', 'craftsmanship', 'attention', 'detail', 'day', 'work', 'project', 'amun', 'accidentally', 'damage', 'family', 'heirloom', 'intricately', 'carve', 'wooden', 'statue', 'family', 'devastate', 'statue', 'pass', 'generation', '\n\n', 'amun', 'feel', 'terrible', 'mistake', 'apologize', 'profusely', 'father', 'wise', 'elder', 'community', 'explain', 'mistake', 'natural', 'growth', 'tell', 'amun', 'essential', 'learn', 'error', 'use', 'opportunity', 'improvement', 'family', 'decide', 'repair', 'statue', 'teamwork', 'create', 'beautiful', 'piece', 'art', 'amun', 'learn', 'valuable', 'lesson', 'responsibility', 'humility', 'importance', 'learn', 'mistake', '\n\n', 'story', 'teach', 'child', 'make', 'mistake', 'respond', 'matter']"
ollama-llama32-1b_Cousin_Morocco_male,ollama-llama32-1b,llama,1B,male,Morocco,Cousin,199,"['happy', 'help', 'bedtime', 'story', 'new', 'version', 'story', 'specified', 'word', 'count', '\n\n', 'tale', 'ammar', 'young', 'boy', 'marrakech', '\n\n', 'vibrant', 'souks', 'marrakech', 'spice', 'fill', 'air', 'artisan', 'craft', 'intricate', 'tile', 'live', 'young', 'boy', 'name', 'ammar', 'know', 'curiosity', 'passion', 'learn', 'day', 'explore', 'ancient', 'medina', 'ammar', 'stumble', 'hide', 'garden', 'untouched', 'time', 'wander', 'tranquil', 'path', 'discover', 'small', 'tree', 'branch', 'stretch', 'star', '\n\n', 'ammar', 'heart', 'swell', 'wonder', 'realize', 'tree', 'ordinary', 'plant', 'hold', 'secret', 'story', 'past', 'whisper', 'generation', 'past', 'reach', 'touch', 'trunk', 'ammar', 'feel', 'surge', 'wisdom', 'knowledge', 'flood', 'learn', 'true', 'strength', 'lie', 'physical', 'power', 'courage', 'seek', 'knowledge', 'understanding', '\n\n', 'moral', 'lesson', 'ammar', 'discovery', 'teach', 'curiosity', 'determination', 'lead', 'incredible', 'reward', 'essential', 'respect', 'appreciate', 'wisdom', 'come']"
ollama-llama32-1b_Cousin_Kenya_female,ollama-llama32-1b,llama,1B,female,Kenya,Cousin,208,"['sorry', 'word', 'count', 'rewrite', 'bedtime', 'story', 'child', '\n\n', 'kenya', 'family', 'originate', 'live', 'young', 'girl', 'name', 'akira', 'know', 'kindness', 'intelligence', 'determination', 'sunny', 'day', 'help', 'grandmother', 'village', 'kitchen', 'akira', 'accidentally', 'knock', 'jar', 'spice', 'spill', 'content', 'floor', '\n\n', 'grandmother', 'scold', 'encourage', 'help', 'clean', 'mess', 'work', 'akira', 'realize', 'make', 'mistake', 'learn', 'matter', 'apologize', 'careless', 'act', 'offer', 'help', 'grandmother', 'gather', 'spice', 'orderly', 'manner', '\n\n', 'akira', 'grandmother', 'smile', 'say', 'akira', 'life', 'like', 'spice', 'jar', 'need', 'add', 'pinch', 'patience', 'dash', 'kindness', 'blend', 'beautifully', 'akira', 'understand', 'hard', 'work', 'compassion', 'strong', 'wise', 'person', 'continue', 'help', 'spread', 'love', 'harmony', 'go', '\n\n', 'moral', 'story', 'mistake', 'opportunity', 'growth', 'learning', 'kindness', 'difference', 'live', 'life']"
ollama-llama32-1b_Cousin_Kenya_male,ollama-llama32-1b,llama,1B,male,Kenya,Cousin,174,"['sorry', 'previous', 'response', 'rewrite', 'version', 'bedtime', 'story', 'specified', 'word', 'count', '\n\n', 'kenya', 'heartland', 'savannas', 'stretch', 'far', 'eye', 'live', 'young', 'boy', 'name', 'kofi', 'son', 'respected', 'maasai', 'chieftain', 'grow', 'rich', 'cultural', 'heritage', 'people', 'kofi', 'kind', 'curious', 'love', 'know', 'day', 'explore', 'forest', 'stumble', 'beehive', 'hide', 'deep', 'tree', '\n\n', 'bee', 'protective', 'hive', 'chase', 'kofi', 'away', 'anger', 'feel', 'defeat', 'return', 'home', 'wonder', 'find', 'forgiveness', 'father', 'wise', 'understanding', 'see', 'son', 'tear', 'promise', 'help', 'work', 'tirelessly', 'clean', 'beehive', 'soon', 'bee', 'begin', 'return', 'chieftain', 'explain', 'show', 'compassion', 'hard', 'work', 'hurtful', 'action', 'forgive', '\n\n', 'kofi', 'learn', 'valuable', 'lesson', 'kindness', 'heal', 'wound', 'forgiveness', 'bring', 'new', 'life']"
ollama-llama32-1b_Cousin_SouthAfrica_male,ollama-llama32-1b,llama,1B,male,South Africa,Cousin,186,"['sorry', 'mistake', 'rewrite', 'version', 'bedtime', 'story', 'request', 'word', 'count', '\n\n', 'south', 'africa', 'vibrant', 'culture', 'grow', 'listen', 'story', 'ancestor', 'resilience', 'cousin', 'great', 'grandfather', 'skilled', 'farmer', 'live', 'small', 'village', 'surround', 'vast', 'plain', 'rocky', 'outcrop', 'know', 'bravery', 'kindness', 'willing', 'lend', 'help', 'hand', 'day', 'fierce', 'drought', 'hit', 'land', 'dry', 'river', 'wither', 'crop', '\n\n', 'cousin', 'grandfather', 'determine', 'save', 'family', 'farm', 'travel', 'far', 'wide', 'find', 'alternative', 'source', 'water', 'food', 'month', 'search', 'return', 'news', 'nearby', 'river', 'swollen', 'rain', 'country', 'villager', 'brink', 'starvation', 'cousin', 'grandfather', 'work', 'tirelessly', 'build', 'dam', 'canal', 'bring', 'life', 'give', 'water', 'parched', 'land', '\n\n', 'moral', 'story', 'face', 'adversity', 'determination', 'hard', 'work', 'lead', 'bright', 'future', 'teach', 'importance', 'perseverance', 'help', 'need']"
ollama-llama32-1b_Cousin_SriLanka_male,ollama-llama32-1b,llama,1B,male,Sri Lanka,Cousin,194,"['happy', 'provide', 'rewrite', 'version', 'story', 'meet', '150', '200', 'word', 'requirement', '\n\n', 'sri', 'lanka', 'rich', 'cultural', 'heritage', 'live', 'young', 'boy', 'name', 'rohan', 'bear', 'family', 'modest', 'mean', 'possess', 'extraordinary', 'gift', 'communicate', 'animal', 'day', 'rohan', 'visit', 'nearby', 'forest', 'talk', 'creature', 'learn', 'struggle', 'bird', 'warn', 'impending', 'storm', 'monkey', 'share', 'tale', 'mischief', 'deer', 'teach', 'balance', 'harmony', '\n\n', 'winter', 'evening', 'severe', 'storm', 'hit', 'village', 'animal', 'seek', 'rohan', 'help', 'gift', 'calm', 'frightened', 'beast', 'guide', 'safety', 'villager', 'amazed', 'rohan', 'selflessness', 'quick', 'thinking', 'return', 'home', 'exhausted', 'proud', 'parent', 'ask', 'incredible', 'journey', 'rohan', 'smile', 'true', 'strength', 'lie', 'able', 'talk', 'animal', 'listen', 'story', 'understand', 'struggle', '\n\n', 'rohan', 'story', 'teach', 'take', 'patience', 'empathy', 'willingness', 'listen', 'truly', 'difference']"
ollama-llama32-1b_Cousin_Japan_female,ollama-llama32-1b,llama,1B,female,Japan,Cousin,181,"['snow', 'kiss', 'mountain', 'japan', 'live', 'young', 'girl', 'name', 'kiyomi', 'know', 'village', 'kindness', 'gentle', 'soul', 'winter', 'evening', 'walk', 'home', 'local', 'temple', 'stumble', 'lost', 'puppy', 'catch', 'rag', 'river', '\n\n', 'hesitation', 'kiyomi', 'wad', 'icy', 'water', 'strength', 'guide', 'puppy', 'current', 'eventually', 'reach', 'solid', 'ground', 'kiyomi', 'wrap', 'puppy', 'warm', 'coat', 'hand', 'grateful', 'owner', '\n\n', 'news', 'kiyomi', 'selflessness', 'spread', 'villager', 'celebrate', 'bravery', 'wise', 'old', 'man', 'approach', 'gentle', 'smile', 'say', 'kiyomi', 'act', 'kindness', 'teach', 'help', 'grand', 'gesture', 'small', 'act', 'compassion', 'day', '\n\n', 'story', 'teach', 'small', 'action', 'profound', 'impact', 'show', 'empathy', 'kindness', 'build', 'strong', 'community', 'create', 'ripple', 'effect', 'love', 'warmth', 'life']"
ollama-llama32-1b_Cousin_Philippines_female,ollama-llama32-1b,llama,1B,female,Philippines,Cousin,208,"['happy', 'write', 'new', 'story', 'bedtime', 'tale', 'child', 'enjoy', '\n\n', 'philippine', 'rice', 'field', 'stretch', 'far', 'wide', 'live', 'young', 'girl', 'name', 'akira', 'know', 'village', 'exceptional', 'skill', 'weave', 'beautiful', 'fabric', 'silk', 'bamboo', 'thread', 'akira', 'talent', 'earn', 'scholarship', 'study', 'textile', 'art', 'prestigious', 'school', '\n\n', 'delve', 'study', 'akira', 'restless', 'feel', 'trap', 'expectation', 'parent', 'urge', 'pursue', 'traditional', 'path', 'like', 'medicine', 'teaching', 'akira', 'yearn', 'creative', 'freedom', 'innovation', '\n\n', 'day', 'work', 'project', 'akira', 'discover', 'hide', 'pattern', 'fabric', 'weave', 'experiment', 'create', 'unique', 'design', 'showcase', 'creativity', 'mentor', 'praise', 'innovative', 'work', 'caution', 'stay', 'grounded', 'humble', '\n\n', 'akira', 'realize', 'true', 'greatness', 'lie', 'famous', 'wealthy', 'stay', 'true', 'oneself', 'lesson', 'continue', 'weave', 'beautiful', 'fabric', 'earn', 'respect', 'inspire', 'courage', 'different', '\n\n', 'moral', 'story', 'true', 'unique', 'talent']"
ollama-llama32-1b_Cousin_Italy_male,ollama-llama32-1b,llama,1B,male,Italy,Cousin,206,"['happy', 'rewrite', 'story', 'new', 'version', '150', '200', 'word', 'limit', '\n\n', 'time', 'small', 'town', 'nestle', 'roll', 'hill', 'tuscany', 'italy', 'live', 'young', 'boy', 'name', 'leo', 'leo', 'know', 'village', 'exceptional', 'craftsmanship', 'particularly', 'woodcarving', 'spend', 'day', 'learn', 'father', 'teach', 'art', 'create', 'beautiful', 'wooden', 'object', '\n\n', 'winter', 'evening', 'severe', 'snowstorm', 'hit', 'town', 'cause', 'widespread', 'power', 'outage', 'damage', 'home', 'villager', 'worried', 'elderly', 'neighbor', 'live', 'small', 'cottage', 'outskirt', 'town', 'leo', 'know', 'help', '\n\n', 'work', 'tirelessly', 'night', 'carve', 'intricate', 'wooden', 'box', 'neighbor', 'family', 'sun', 'rise', 'morning', 'leo', 'see', 'door', 'open', 'heart', 'touch', 'kindness', 'realize', 'give', 'heart', 'valuable', 'physical', 'gift', 'villager', 'grateful', 'leo', 'feel', 'sense', 'pride', 'know', 'difference', 'life', '\n\n', 'moral', 'story', 'true', 'generosity', 'come', 'heart', 'external', 'action']"
ollama-llama32-1b_Cousin_Spain_male,ollama-llama32-1b,llama,1B,male,Spain,Cousin,203,"['happy', 'provide', 'rewrite', 'story', 'request', 'word', 'limit', 'new', 'attempt', '\n\n', 'meet', 'emilio', 'young', 'boy', 'rich', 'spanish', 'family', 'live', 'madrid', 'parent', 'renowned', 'artist', 'studio', 'fill', 'color', 'music', 'creativity', 'emilio', 'struggle', 'find', 'place', 'artistic', 'sibling', 'feel', 'like', 'go', 'motion', 'truly', 'express', '\n\n', 'day', 'help', 'mother', 'prepare', 'exhibition', 'emilio', 'accidentally', 'knock', 'paint', 'jar', 'cover', 'beautiful', 'artwork', 'bright', 'blue', 'color', 'mother', 'devastate', 'emilio', 'feel', 'terrible', 'happen', 'instead', 'get', 'angry', 'try', 'deny', 'responsibility', 'apologize', 'help', 'mother', 'clean', 'mess', '\n\n', 'mother', 'see', 'truly', 'sorry', 'emilio', 'realize', 'make', 'mistake', 'remind', 'okay', 'perfect', 'take', 'courage', 'error', 'emilio', 'learn', 'valuable', 'lesson', 'day', 'honest', 'take', 'responsibility', 'important', 'try', 'hide', 'deny', 'flaw', '\n\n', 'story', 'teach', 'child', 'importance', 'honesty', 'self', 'reflection', 'learn', 'mistake']"
ollama-llama32-1b_Cousin_Australia_male,ollama-llama32-1b,llama,1B,male,Australia,Cousin,203,"['sorry', 'incomplete', 'story', 'rewrite', 'version', 'bedtime', 'story', 'child', '\n\n', 'time', 'small', 'australian', 'town', 'live', 'young', 'aboriginal', 'boy', 'name', 'kaitaia', 'know', 'exceptional', 'storytelle', 'skill', 'share', 'tale', 'friend', 'evening', 'gather', 'firewood', 'kaitaia', 'stumble', 'lost', 'baby', 'kangaroo', 'hesitation', 'carefully', 'pick', 'little', 'begin', 'sing', 'soothe', 'lullaby', '\n\n', 'kangaroo', 'listen', 'kaitaia', 'soft', 'voice', 'start', 'calm', 'soon', 'snuggle', 'chest', 'animal', 'forest', 'gather', 'mesmerize', 'heartwarming', 'scene', 'watch', 'kaitaia', 'gently', 'place', 'kangaroo', 'burrow', '\n\n', 'moral', 'story', 'kindness', 'turn', 'stranger', 'friend', 'show', 'compassion', 'care', 'build', 'connection', 'create', 'ripple', 'effect', 'love', 'teach', 'unfamiliar', 'situation', 'room', 'understanding', 'empathy', 'like', 'kaitaia', 'gentle', 'act', 'kindness', 'lose', 'kangaroo', '\n\n', 'drift', 'sleep', 'remember', 'kaitaia', 'selfless', 'action', 'inspire', 'caring', 'kind', 'cousin']"
